{
	"credit": "Made with Blockbench",
	"ambientocclusion": false,
	"texture_size": [64, 32],
	"textures": {
		"0": "item/deck_of_textures/card/back",
		"1": "item/deck_of_textures/card/card_ice_cream",
		"particle": "item/deck_of_textures/card/back"
	},
	"elements": [
		{
			"name": "base",
			"from": [-1, 0, 1],
			"to": [17, 32, 2],
			"rotation": {"angle": 0, "axis": "y", "origin": [8, 0, 1.5]},
			"faces": {
				"north": {"uv": [1.75, 0, 6.25, 16], "texture": "#0"},
				"east": {"uv": [0, 0, 0.25, 0.5], "texture": "#0"},
				"south": {"uv": [1.75, 0, 6.25, 16], "texture": "#1"},
				"west": {"uv": [0, 0, 0.25, 0.5], "texture": "#0"},
				"up": {"uv": [0, 0, 0.25, 0.5], "texture": "#0"},
				"down": {"uv": [0, 0, 0.25, 0.5], "texture": "#0"}
			}
		},
		{
			"name": "side1",
			"from": [-2, 1, 1],
			"to": [-1, 31, 2],
			"rotation": {"angle": 0, "axis": "y", "origin": [8, 0, 1.5]},
			"faces": {
				"north": {"uv": [6.25, 0.5, 6.5, 15.5], "texture": "#0"},
				"east": {"uv": [0, 0, 0.25, 0.5], "texture": "#0"},
				"south": {"uv": [1.75, 0.5, 1.5, 15.5], "texture": "#1"},
				"west": {"uv": [0, 0, 0.25, 0.5], "texture": "#0"},
				"up": {"uv": [0, 0, 0.25, 0.5], "texture": "#0"},
				"down": {"uv": [0, 0, 0.25, 0.5], "texture": "#0"}
			}
		},
		{
			"name": "side2",
			"from": [17, 1, 1],
			"to": [18, 31, 2],
			"rotation": {"angle": 0, "axis": "y", "origin": [8, 0, 1.5]},
			"faces": {
				"north": {"uv": [1.5, 0.5, 1.75, 15.5], "texture": "#0"},
				"east": {"uv": [0, 0, 0.25, 0.5], "texture": "#0"},
				"south": {"uv": [6.25, 0.5, 6.5, 15.5], "texture": "#1"},
				"west": {"uv": [0, 0, 0.25, 0.5], "texture": "#0"},
				"up": {"uv": [0, 0, 0.25, 0.5], "texture": "#0"},
				"down": {"uv": [0, 0, 0.25, 0.5], "texture": "#0"}
			}
		},
		{
			"name": "icon",
			"from": [0, 0, 3],
			"to": [16, 16, 3],
			"rotation": {"angle": 0, "axis": "y", "origin": [0, 0, 3]},
			"faces": {
				"north": {"uv": [12, 8, 16, 16], "texture": "#1"},
				"east": {"uv": [0, 0, 0, 8], "texture": "#missing"},
				"south": {"uv": [8, 8, 12, 16], "texture": "#1"},
				"west": {"uv": [0, 0, 0, 8], "texture": "#missing"},
				"up": {"uv": [0, 0, 4, 0], "texture": "#missing"},
				"down": {"uv": [0, 0, 4, 0], "texture": "#missing"}
			}
		}
	],
	"gui_light": "front",
	"display": {
		"thirdperson_righthand": {
			"rotation": [24, 0, 0],
			"translation": [0, 1.25, 3],
			"scale": [0.3, 0.3, 0.3]
		},
		"thirdperson_lefthand": {
			"rotation": [24, 0, 0],
			"translation": [0, 1.25, 3],
			"scale": [0.3, 0.3, 0.3]
		},
		"firstperson_righthand": {
			"rotation": [0, -8, 0],
			"translation": [4, 2, 0],
			"scale": [0.3, 0.3, 0.3]
		},
		"firstperson_lefthand": {
			"rotation": [0, -8, 0],
			"translation": [4, 2, 0],
			"scale": [0.3, 0.3, 0.3]
		},
		"ground": {
			"translation": [0, 0, 3.25],
			"scale": [0.5, 0.5, 0.5]
		},
		"head": {
			"rotation": [0, 180, 0],
			"translation": [0, 0, -13]
		},
		"fixed": {
			"rotation": [0, 180, 0],
			"translation": [0, 0, -10.5],
			"scale": [2, 2, 2]
		}
	},
	"groups": [
		{
			"name": "card",
			"origin": [0, 0, 0],
			"color": 0,
			"children": [0, 1, 2]
		},
		{
			"name": "ui",
			"origin": [8, 8, 8],
			"color": 0,
			"children": [3]
		}
	]
}